{"cameraMode":{"drawMode":0,"name":"Shaded","section":"Shading Mode"},"sceneLighting":true,"audioPlay":false,"sceneViewState":{"m_AlwaysRefresh":false,"showFog":true,"showSkybox":false,"showFlares":true,"showImageEffects":true,"showParticleSystems":true,"showVisualEffectGraphs":true,"m_FxEnabled":true},"in2DMode":false,"pivot":{"x":0.6200001239776611,"y":2.3435001373291017,"z":-2.7664999961853029},"rotation":{"x":-0.023018447682261468,"y":-0.9518722295761108,"z":0.07382848858833313,"w":-0.2966318726539612},"size":14.008234024047852,"orthographic":false}