{"cameraMode":{"drawMode":0,"name":"Shaded","section":"Shading Mode"},"sceneLighting":true,"audioPlay":false,"sceneViewState":{"m_AlwaysRefresh":false,"showFog":true,"showSkybox":true,"showFlares":true,"showImageEffects":true,"showParticleSystems":true,"showVisualEffectGraphs":true,"m_FxEnabled":true},"in2DMode":false,"pivot":{"x":-154.79867553710938,"y":0.58812016248703,"z":276.49481201171877},"rotation":{"x":0.18679997324943543,"y":0.2392607182264328,"z":-0.04695328325033188,"w":0.9517238736152649},"size":10.566450119018555,"orthographic":false}