{"cameraMode":{"drawMode":0,"name":"Shaded","section":"Shading Mode"},"sceneLighting":true,"audioPlay":false,"sceneViewState":{"m_AlwaysRefresh":false,"showFog":true,"showSkybox":true,"showFlares":true,"showImageEffects":true,"showParticleSystems":true,"showVisualEffectGraphs":true,"m_FxEnabled":true},"in2DMode":false,"pivot":{"x":11.577966690063477,"y":-0.3488404154777527,"z":198.4642333984375},"rotation":{"x":0.034312546253204349,"y":-0.9361199140548706,"z":0.0952661782503128,"w":0.3373965919017792},"size":4.383364200592041,"orthographic":false}